<?xml version="1.0" encoding="UTF-8"?>
<project-private xmlns="http://www.netbeans.org/ns/project-private/1">
    <editor-bookmarks xmlns="http://www.netbeans.org/ns/editor-bookmarks/2" lastBookmarkId="0"/>
    <open-files xmlns="http://www.netbeans.org/ns/projectui-open-files/2">
        <group>
            <file>file:/Users/Macbook-Air/Desktop/CPSC%20240/Projects/PIkatweet/src/pikatweet/Tweet.java</file>
            <file>file:/Users/Macbook-Air/Desktop/CPSC%20240/Projects/PIkatweet/src/pikatweet/tweetpopup.java</file>
            <file>file:/Users/Macbook-Air/Desktop/CPSC%20240/Projects/PIkatweet/src/pikatweet/profile.java</file>
            <file>file:/Users/Macbook-Air/Desktop/CPSC%20240/Projects/PIkatweet/src/pikatweet/PikaTweet.java</file>
            <file>file:/Users/Macbook-Air/Desktop/CPSC%20240/Projects/PIkatweet/src/pikatweet/Signup.java</file>
            <file>file:/Users/Macbook-Air/Desktop/CPSC%20240/Projects/PIkatweet/src/pikatweet/Login.java</file>
            <file>file:/Users/Macbook-Air/Desktop/CPSC%20240/Projects/PIkatweet/src/pikatweet/PikaTweetLoggedin.java</file>
            <file>file:/Users/Macbook-Air/Desktop/CPSC%20240/Projects/PIkatweet/src/pikatweet/FileStorage.java</file>
            <file>file:/Users/Macbook-Air/Desktop/CPSC%20240/Projects/PIkatweet/src/pikatweet/Accounts.java</file>
        </group>
    </open-files>
</project-private>
