<?xml version="1.0" encoding="UTF-8"?>
<project-private xmlns="http://www.netbeans.org/ns/project-private/1">
    <editor-bookmarks xmlns="http://www.netbeans.org/ns/editor-bookmarks/2" lastBookmarkId="0"/>
    <open-files xmlns="http://www.netbeans.org/ns/projectui-open-files/2">
        <group>
            <file>file:/C:/Users/Imran/Desktop/PIkatweet__use_this_/src/pikatweet/Signup.java</file>
            <file>file:/C:/Users/Imran/Desktop/PIkatweet__use_this_/src/pikatweet/PikaTweet.java</file>
            <file>file:/C:/Users/Imran/Desktop/PIkatweet__use_this_/src/pikatweet/tweetpopup.java</file>
            <file>file:/C:/Users/Imran/Desktop/PIkatweet__use_this_/src/pikatweet/Login.java</file>
            <file>file:/C:/Users/Imran/Desktop/PIkatweet__use_this_/src/pikatweet/PikaTweetLoggedin.java</file>
            <file>file:/C:/Users/Imran/Desktop/PIkatweet__use_this_/src/pikatweet/loginerrorpopup.java</file>
        </group>
    </open-files>
</project-private>
